<?xml version="1.0" encoding="UTF-8"?>
<project-private xmlns="http://www.netbeans.org/ns/project-private/1">
    <editor-bookmarks xmlns="http://www.netbeans.org/ns/editor-bookmarks/2" lastBookmarkId="0"/>
    <open-files xmlns="http://www.netbeans.org/ns/projectui-open-files/2">
        <group>
            <file>file:/C:/Users/junio/Downloads/VentaCarros/src/Ford.java</file>
            <file>file:/C:/Users/junio/Downloads/VentaCarros/src/Vehicle.java</file>
            <file>file:/C:/Users/junio/Downloads/VentaCarros/src/Car.java</file>
            <file>file:/C:/Users/junio/Downloads/VentaCarros/src/CarType.java</file>
            <file>file:/C:/Users/junio/Downloads/VentaCarros/src/BMW.java</file>
        </group>
    </open-files>
</project-private>
